Feature,Importance
rsi,0.37337801426375994
macd_signal,0.18900916109361715
bb_low,0.16787513720028444
bb_high,0.16139847129053242
macd,0.10833921615180607
